Neighborhood,Neighborhood Latitude,Neighborhood Longitude,Venue,Venue Latitude,Venue Longitude,Venue Category
Boisemont,49.0223999,2.0026375,Du bon côté de la crêpe,49.02517926762134,1.9994577611110933,Creperie
Cergy,49.0278361,2.06542745000083,The Irish Pub,49.03177224055618,2.063860515155108,Bar
Cergy,49.0278361,2.06542745000083,Ibis Cergy Le Port,49.03114597287466,2.069505401440683,Hotel
Cergy,49.0278361,2.06542745000083,Port Cergy,49.030978,2.060638,Port
Neuville-sur-Oise,49.0135534,2.0623676,Café Le Village,49.01469048166456,2.058737977018713,Bar
Neuville-sur-Oise,49.0135534,2.0623676,Le chameau,49.01465809999999,2.0580503999999564,Café
Neuville-sur-Oise,49.0135534,2.0623676,Restaurant Universitaire de Neuville,49.01718646683613,2.061869879431662,Restaurant
Pontoise,49.0278361,2.06542745000083,The Irish Pub,49.03177224055618,2.063860515155108,Bar
Pontoise,49.0278361,2.06542745000083,Ibis Cergy Le Port,49.03114597287466,2.069505401440683,Hotel
Pontoise,49.0278361,2.06542745000083,Port Cergy,49.030978,2.060638,Port
Argenteuil,48.948703409719705,2.23932078222402,Cafeteria Hopital d'Argenteuil,48.946373,2.237505,Coffee Shop
Argenteuil,48.948703409719705,2.23932078222402,La Renaissance,48.951255798339844,2.241446018218994,Bar
Argenteuil,48.948703409719705,2.23932078222402,Privat Parfumeur,48.950977,2.2439425,Health & Beauty Service
Argenteuil,48.948703409719705,2.23932078222402,Patinoire d'Argenteuil,48.949816410421164,2.2327029705047607,Hockey Rink
Sannois,48.979311200000005,2.24424438059006,Campanile Sannois - Ermont,48.98272549153255,2.242537400785881,Hotel
Sannois,48.979311200000005,2.24424438059006,Tennis Club de Montigny,48.97944565593623,2.2459608925213073,Tennis Court
Sannois,48.979311200000005,2.24424438059006,Piscine Sannois,48.97634796420688,2.244790566425789,Water Park
Sannois,48.979311200000005,2.24424438059006,OSS,48.97624659773054,2.2427395525098337,Gym
Sannois,48.979311200000005,2.24424438059006,Ed,48.97960167349353,2.237658329530073,Convenience Store
Ermont,48.9883805276881,2.25798845636622,Gare SNCF d'Ermont-Halte,48.98998453541324,2.263406896740025,Train Station
Ermont,48.9883805276881,2.25798845636622,Gare SNCF de Cernay,48.985071894264074,2.257237136363983,Train Station
Ermont,48.9883805276881,2.25798845636622,BP,48.989636,2.257647,Gas Station
Ermont,48.9883805276881,2.25798845636622,Carrefour,48.98707849873436,2.2575992345809937,Supermarket
Ermont,48.9883805276881,2.25798845636622,Aux Cépages d'Ermont,48.98900651,2.2597307,Wine Shop
Ermont,48.9883805276881,2.25798845636622,Boulangerie De L'Eglise,48.98937,2.258919,Bakery
Ermont,48.9883805276881,2.25798845636622,Alexandre Cayla Informatique,48.9901382,2.2568052000000307,Electronics Store
Ermont,48.9883805276881,2.25798845636622,Minamoto,48.988406652214515,2.2609712966742412,Japanese Restaurant
Ermont,48.9883805276881,2.25798845636622,Parc Municipal Beaulieu,48.987865033343326,2.2613653608793904,Park
Ermont,48.9883805276881,2.25798845636622,Rond Point Cernay,48.9859785045961,2.2576104064511213,Plaza
Ermont,48.9883805276881,2.25798845636622,Marché D'Ermont,48.98957389397694,2.2620105716900323,Farmers Market
Ermont,48.9883805276881,2.25798845636622,Mona Lisa,48.985293,2.256713,Italian Restaurant
Franconville,48.99210025,2.22500922519366,McDonald's,48.99258107116852,2.2199342797053525,Fast Food Restaurant
Franconville,48.99210025,2.22500922519366,Patinoire de Franconville,48.991876420050815,2.2217702865600586,Skating Rink
Franconville,48.99210025,2.22500922519366,CSL Franconville,48.99182244431296,2.221109443479399,Gym
Franconville,48.99210025,2.22500922519366,Bowling Billard Du Stadium,48.9918587796689,2.2196451145373235,Bowling Alley
Le Plessis-Bouchard,49.0014984,2.2227591,Irrijardin Le Plessis Bouchard,49.000747,2.224295,Pool
Le Plessis-Bouchard,49.0014984,2.2227591,Irrijardin,49.000653,2.224305,Dive Shop
Le Plessis-Bouchard,49.0014984,2.2227591,Colorine,49.000734,2.220436,Arts & Crafts Store
Garges-lès-Gonesse,48.972074699632394,2.4057764635495498,Marché Guüen,48.970422,2.402854,Convenience Store
Garges-lès-Gonesse,48.972074699632394,2.4057764635495498,Première Classe Paris Nord - Gonesse - Parc Des Expositions,48.97005609966289,2.410837192912889,Hotel
Garges-lès-Gonesse,48.972074699632394,2.4057764635495498,Esra'da,48.968539,2.40167,Tree
Montmorency,49.0002438,2.3213880000000002,Stade De L'OGEM,48.99887676156208,2.3223365297668748,Stadium
Montmorency,49.0002438,2.3213880000000002,L.D. Sanitaire,49.00026727144713,2.3239517211914062,Construction & Landscaping
Deuil-la-Barre,48.97055606557771,2.32306656080042,Marche Deuil La Barre,48.971986,2.320945,Farm
Deuil-la-Barre,48.97055606557771,2.32306656080042,Parc De La Chevrette,48.968952,2.320355,Park
Deuil-la-Barre,48.97055606557771,2.32306656080042,Tennis Club de Deuil,48.96796183054669,2.324911434386757,Tennis Stadium
Deuil-la-Barre,48.97055606557771,2.32306656080042,Patinoire Deuil La Barre,48.96800795472391,2.3206897063520793,Skating Rink
Menucourt,49.028724846047204,1.97945051343083,Le Breton Conception,49.02884001,1.97564107,Business Service
Menucourt,49.028724846047204,1.97945051343083,Menus et merveilles,49.025595670842094,1.9799684319465314,Food & Drink Shop
Fontenay-en-Parisis,49.041724,2.4484068723517503,BigMat BEAUVAIS MATERIAUX,49.041705,2.452099,Building
Goussainville,49.038574429565,2.46121649532078,Tpm,49.0414113,2.46346517,Auto Garage
Goussainville,49.038574429565,2.46121649532078,Total Access,49.03754901,2.45548656,Gas Station
Goussainville,49.038574429565,2.46121649532078,Chateau De Chatenay France,49.04158814922314,2.456127738807304,Hotel
Sarcelles,48.9741886,2.3711197999999998,McDonald's,48.975770364487055,2.3657601542671114,Fast Food Restaurant
Sarcelles,48.9741886,2.3711197999999998,Auchan,48.97813147163586,2.372248820010819,Shopping Mall
Sarcelles,48.9741886,2.3711197999999998,Buffalo Grill,48.976408976957075,2.3651599074012464,Steakhouse
Sarcelles,48.9741886,2.3711197999999998,Station Les Cholettes [T5],48.97742574348162,2.3733061455962616,Tram Station
Sarcelles,48.9741886,2.3711197999999998,Station Les Flanades [T5],48.97689763237404,2.374813258012785,Tram Station
Saint-Gratien,48.9681753091815,2.28459106172441,Crêperie de Saint-Gratien,48.9661777308309,2.2841909891770595,Creperie
Saint-Gratien,48.9681753091815,2.28459106172441,Bowling Du Stadium St Gratien,48.96739091192108,2.28487065555708,Bowling Alley
Saint-Gratien,48.9681753091815,2.28459106172441,Cinéma Les Toiles,48.96819307856278,2.2855988400631237,Multiplex
Saint-Gratien,48.9681753091815,2.28459106172441,Le Forum,48.968058339844866,2.28543091250863,Convention Center
Saint-Gratien,48.9681753091815,2.28459106172441,Carrefour Market,48.96675,2.28424,Supermarket
Saint-Gratien,48.9681753091815,2.28459106172441,Domino's Pizza,48.965838,2.282966,Pizza Place
Saint-Gratien,48.9681753091815,2.28459106172441,L'Amuse Bouche,48.965016,2.283369,French Restaurant
Saint-Gratien,48.9681753091815,2.28459106172441,Miyazaki,48.96425965305343,2.2860151102076363,Japanese Restaurant
Saint-Gratien,48.9681753091815,2.28459106172441,Yokohama,48.966366007288194,2.278442672687925,Japanese Restaurant
Herblay,49.0053926,2.17424787779154,Maisons du Monde,49.00287152679673,2.173841893672943,Furniture / Home Store
Herblay,49.0053926,2.17424787779154,Alinéa,49.00381039630583,2.174612138418748,Furniture / Home Store
Herblay,49.0053926,2.17424787779154,Truffaut,49.0071154673551,2.172117233276367,Garden Center
Herblay,49.0053926,2.17424787779154,Animalis Herblay,49.003384159012505,2.174256011862603,Pet Store
Herblay,49.0053926,2.17424787779154,La Foir'Fouille,49.00266369,2.1771691,Furniture / Home Store
Herblay,49.0053926,2.17424787779154,Autour de bébé,49.00557584459712,2.1721832098826015,Kids Store
Herblay,49.0053926,2.17424787779154,Aubert Herblay,49.00307317863514,2.1747226882379787,Kids Store
Herblay,49.0053926,2.17424787779154,Fly,49.00252,2.178619,Furniture / Home Store
Herblay,49.0053926,2.17424787779154,But,49.00226,2.178753,Furniture / Home Store
Soisy-sous-Montmorency,48.985214150333796,2.2960780431947003,Casa Italiana,48.98758716734814,2.296815756586186,Italian Restaurant
Soisy-sous-Montmorency,48.985214150333796,2.2960780431947003,Carrefour City Soisy Sous Montmorency Gaulle,48.9865499,2.3004903,Supermarket
Soisy-sous-Montmorency,48.985214150333796,2.2960780431947003,Arietis Assurances,48.98322409,2.30003369,Financial or Legal Service
Soisy-sous-Montmorency,48.985214150333796,2.2960780431947003,Avocat Martine Oziel,48.98708905959677,2.300691604614258,Lawyer
Cormeilles-en-Parisis,48.9620505887543,2.1992249098560697,Buffalo Grill,48.95967990988271,2.2028090224406363,Steakhouse
Cormeilles-en-Parisis,48.9620505887543,2.1992249098560697,La Trattoria d'Anna,48.960463,2.204926,Italian Restaurant
Cormeilles-en-Parisis,48.9620505887543,2.1992249098560697,Chronodrive,48.959502822668796,2.204172139337748,Grocery Store
Beauchamp,49.018384000000005,2.1802760735294098,Kaiser Park,49.017331333777506,2.1773523334098517,Soccer Stadium
Beauchamp,49.018384000000005,2.1802760735294098,LEGAA,49.01950317084428,2.174857735481055,Business Service
Beaumont-sur-Oise,49.138859390422,2.2820086099955,Lac des Ciments,49.137814,2.278979,Lake
Beaumont-sur-Oise,49.138859390422,2.2820086099955,Beaumont Palace,49.14175936667116,2.286130493128841,Movie Theater
Beaumont-sur-Oise,49.138859390422,2.2820086099955,"O2 Care Services - Ménage, Aide à domicile et Garde d'enfants",49.141504,2.277038,Home Service
Mours,49.130657799999994,2.2680611,Mours Télé Service,49.13177476,2.2672611,Other Repair Shop
Mours,49.130657799999994,2.2680611,Club Moving,49.131147,2.263321,Gym / Fitness Center
Asnières-sur-Oise,49.133908899999994,2.3541272999999996,Aux Bonnes M'Asnieres,49.13243,2.355061,Restaurant
Asnières-sur-Oise,49.133908899999994,2.3541272999999996,Lacroute & Buffet,49.1301982004634,2.3539037267853673,Bed & Breakfast
Belloy-en-France,49.0977247,2.3622716,Gare SNCF de Belloy — Saint-Martin,49.0976896543936,2.3607248067855835,Train Station
Belloy-en-France,49.0977247,2.3622716,Paintball vibration,49.10008826693078,2.3634428722064915,Paintball Field
Belloy-en-France,49.0977247,2.3622716,POINT.P - Matériaux de Construction,49.09483168,2.36018781,Hardware Store
Chaumontel,49.1302,2.43913,La Vie Claire,49.13200234,2.43475665,Supermarket
Chaumontel,49.1302,2.43913,Leader Price,49.13182,2.434502,Supermarket
Luzarches,49.115609899999995,2.40687018347154,Restaurant Les Lacs,49.114708674775315,2.4014082796491354,French Restaurant
Seugy,49.118680915290604,2.3916586089695,Sherwood Park,49.114508,2.393295,Park
Viarmes,49.1168467,2.3685019,Gare SNCF de Viarmes,49.1168755862519,2.368370816525858,Train Station
Jouy-le-Moutier,49.011781060763,2.03366633637998,LAST95,49.0139254,2.0352339,Electronics Store
Jouy-le-Moutier,49.011781060763,2.03366633637998,Market,49.011542,2.029055,Supermarket
Jouy-le-Moutier,49.011781060763,2.03366633637998,Franck Provost - Coiffeur Jouy le Moutier,49.01112,2.029121,Salon / Barbershop
Jouy-le-Moutier,49.011781060763,2.03366633637998,Carrefour,49.01139,2.02898,Supermarket
Jouy-le-Moutier,49.011781060763,2.03366633637998,point chaud,49.010902,2.028349,Fast Food Restaurant
Jouy-le-Moutier,49.011781060763,2.03366633637998,ArtProtect,49.00746735331877,2.033793032169342,Construction & Landscaping
Ennery,49.079846999999994,2.1088299669123503,Tennis Club de Ennery,49.078978,2.110128,Tennis Stadium
Ennery,49.079846999999994,2.1088299669123503,Stade D'Ennery,49.078556,2.110355,Soccer Stadium
Hérouville,49.0998904,2.1280641,les vignes rouges,49.101145380166116,2.13211066050401,French Restaurant
Livilliers,49.0952136,2.0950962,Studio 4 Architecture,49.09604864,2.0958848,Business Service
Livilliers,49.0952136,2.0950962,Centre Equestre De Livilliers,49.09649439,2.09772549,Theme Park Ride / Attraction
Saint-Ouen-l'Aumône,49.0470682709061,2.11851086932251,Abbaye de Maubuisson,49.047411184846744,2.1151944048791536,Garden
Saint-Ouen-l'Aumône,49.0470682709061,2.11851086932251,Foyer Vietnam,49.049368,2.12212,Vietnamese Restaurant
Saint-Ouen-l'Aumône,49.0470682709061,2.11851086932251,Les Crassous,49.04950193200749,2.1148531096953174,Seafood Restaurant
Saint-Ouen-l'Aumône,49.0470682709061,2.11851086932251,Golf St Ouen L'aumone,49.04966757406133,2.114224109357408,Golf Course
Saint-Ouen-l'Aumône,49.0470682709061,2.11851086932251,Pitch and Putt,49.050126513311874,2.1141293040355196,Restaurant
Saint-Leu-la-Forêt,49.01151043784449,2.24545196323379,Gare SNCF de Saint-Leu-la-Forêt,49.015472075048045,2.242940345010461,Train Station
Saint-Leu-la-Forêt,49.01151043784449,2.24545196323379,Senac Immobilier,49.01111566,2.24585664,Business Service
Saint-Leu-la-Forêt,49.01151043784449,2.24545196323379,Leader Price,49.00916,2.240349,Supermarket
Saint-Leu-la-Forêt,49.01151043784449,2.24545196323379,Bella Roma,49.01298217755603,2.251312787980516,Pizza Place
Domont,49.026660560885,2.3308942234749903,studio pantone,49.029442,2.330387,Advertising Agency
Domont,49.026660560885,2.3308942234749903,Kamel Traiteur,49.02782,2.3263800000000003,Bridal Shop
Domont,49.026660560885,2.3308942234749903,Crédit Mutuel Domont,49.0301244532104,2.3314436159447496,Bank
Domont,49.026660560885,2.3308942234749903,Cinéma Ermitage,49.029873,2.334044,Indie Movie Theater
Domont,49.026660560885,2.3308942234749903,Il Sole,49.025543907974736,2.3244667053222656,Italian Restaurant
Bernes-sur-Oise,49.1579465,2.3059281000000005,Nord Nautic Loisirs,49.16072679,2.30530438,Boat or Ferry
Persan,49.142556477602994,2.26101729035016,YESSS ELECTRIQUE,49.14394483,2.25528717,Electronics Store
Saint-Brice-sous-Forêt,49.0006111790074,2.35690374402826,Le Saint Brice,48.999515,2.355747,Smoke Shop
Saint-Brice-sous-Forêt,49.0006111790074,2.35690374402826,Salle De Musculation St Brice,48.99948166859243,2.358108298214771,Gym
Saint-Brice-sous-Forêt,49.0006111790074,2.35690374402826,Théâtre Silvia Montfort - Saint Brice,48.999209673544705,2.3594213007039637,Comedy Club
Saint-Brice-sous-Forêt,49.0006111790074,2.35690374402826,Théātre Sylvia Montfort De Saint-Brice,48.999104700916234,2.361346830083851,Comedy Club
Montmagny,48.9758653753448,2.3579627010837902,Terrain du College Nicolas Copernic,48.977175472322905,2.3522197411968726,Basketball Court
Montmagny,48.9758653753448,2.3579627010837902,B&B Food,48.9773573965624,2.3643182957792384,Fast Food Restaurant
Montigny-lès-Cormeilles,48.9958266492216,2.19586515342512,Sephora,48.99476001676863,2.1979832060597557,Cosmetics Shop
Montigny-lès-Cormeilles,48.9958266492216,2.19586515342512,Carrefour,48.994775,2.198764,Supermarket
Montigny-lès-Cormeilles,48.9958266492216,2.19586515342512,Leroy Merlin,48.99237747033165,2.196619509269381,Furniture / Home Store
Montigny-lès-Cormeilles,48.9958266492216,2.19586515342512,Boulanger,48.994157888169426,2.1975809581644024,Electronics Store
Montigny-lès-Cormeilles,48.9958266492216,2.19586515342512,Good Time,48.9923482676523,2.199592854290039,Fast Food Restaurant
Louvres,49.05579565,2.5165145326795098,Enviromat 95,49.05823249165084,2.515289783477783,Garden
Louvres,49.05579565,2.5165145326795098,De Henau's car,49.052697185678475,2.515236935200274,Moving Target
Puiseux-en-France,49.0573153,2.5010539,Orgasystemx,49.05751619999999,2.5011882000000014,Food & Drink Shop
Puiseux-en-France,49.0573153,2.5010539,Leader Price,49.060722,2.499906,Supermarket
Puiseux-en-France,49.0573153,2.5010539,Nature Beaute (institut),49.05741122046244,2.4955560431292354,Spa
Saint-Prix,49.0088800047478,2.2706490107598,L'Orange Bleue,49.006553,2.272867,Gym / Fitness Center
Saint-Prix,49.0088800047478,2.2706490107598,AZ Déco,49.00594366916801,2.2682851552963257,Construction & Landscaping
Arnouville,48.989183700000005,2.41902039974916,Miss Defne,48.987436,2.42016,Bridal Shop
Arnouville,48.989183700000005,2.41902039974916,Nidas Art Cake,48.98565276176253,2.419674396514892,Cupcake Shop
Arnouville,48.989183700000005,2.41902039974916,Crystal - Salon de thé,48.992594659886365,2.41697305710756,Tea Room
Villiers-le-Bel,48.99948010000001,2.40240744948996,Total Access,49.00279824,2.39948047,Gas Station
Groslay,48.984498156942394,2.341832502692,Cave Duclos,48.986882,2.344757,Wine Shop
Groslay,48.984498156942394,2.341832502692,Cave du Clos,48.986885,2.344818,Liquor Store
Groslay,48.984498156942394,2.341832502692,AXA Assurance Olivier Marie,48.98093359,2.34453484,Insurance Office
Groslay,48.984498156942394,2.341832502692,Jardin Des Sports,48.987339,2.346431,Stadium
Maudétour-en-Vexin,49.1001721,1.7755816000000002,golf de Maudetour,49.097172065763274,1.7745121410774214,Golf Course
Butry-sur-Oise,49.0856723,2.1979556000000002,Entreprise Horticole Bouet Roger,49.08261449204466,2.1992561174556613,Garden Center
Butry-sur-Oise,49.0856723,2.1979556000000002,Garage Boireau et Fils,49.08193374024317,2.1967720985412598,Auto Garage
Écouen,49.0212565266107,2.38137133749261,Château d'Écouen – Musée de la Renaissance,49.01729452364059,2.3787465691566467,Castle
Écouen,49.0212565266107,2.38137133749261,Arrêt Général Leclerc [269],49.018902,2.382567,Bus Stop
Écouen,49.0212565266107,2.38137133749261,Cocci Express,49.018634921761794,2.3817479610443115,Grocery Store
Écouen,49.0212565266107,2.38137133749261,Place de l'Eglise,49.018555562139966,2.3790927402791873,Plaza
Écouen,49.0212565266107,2.38137133749261,Foret d'Ecouen,49.0172845660522,2.3804528410854497,Forest
Commeny,49.1271097,1.8904928,Vacossin Traiteur,49.1269276,1.89066164,Event Service
Gadancourt,49.100771,1.8621330683652197,Golf de Gadancourt,49.098368414740314,1.8609076553297865,Golf Course
Guiry-en-Vexin,49.109969799999995,1.8504386999999998,Musée archéologique du Val d'Oise,49.10865716929076,1.8498733127695717,History Museum
Guiry-en-Vexin,49.109969799999995,1.8504386999999998,Gaufre de Sophie,49.10722351074219,1.8484516143798828,Snack Place
Longuesse,49.06148305,1.9307032810098201,Longuesse,49.06113435884813,1.9306215914858598,Bus Stop
Longuesse,49.06148305,1.9307032810098201,Aux Randonneurs,49.060172,1.931212,French Restaurant
Le Perchay,49.110122100000005,1.9331691000000002,C.S Sarl,49.11142272909974,1.9303147494792936,Construction & Landscaping
Seraincourt,49.035550799999996,1.8657252,Boulangerie Seraincourt,49.034595609919535,1.8670493122067635,Bakery
Seraincourt,49.035550799999996,1.8657252,Les P'tits Poneys,49.03527053611963,1.8660165854029331,Stables
Us,49.1001561,1.9667696,Gare SNCF d'Us,49.100069443589874,1.970281613123096,Train Station
Vigny,49.080627567440395,1.91663089929523,Le Rohan,49.08118896772166,1.9219569594777137,French Restaurant
Ézanville,49.0303428596503,2.36177804267952,Sushi Tori,49.03094700906946,2.362029264750559,Japanese Restaurant
Ézanville,49.0303428596503,2.36177804267952,Garage Des Ecoles,49.028987884521484,2.357339859008789,Auto Garage
Fosses,49.098984200409696,2.5224590297642298,RER Survilliers — Fosses [D],49.09946596545524,2.5251331008315834,Train Station
Fosses,49.098984200409696,2.5224590297642298,TOTAL,49.10037836,2.52384988,Gas Station
Fosses,49.098984200409696,2.5224590297642298,Lidl,49.10019398012856,2.5269359350204468,Convenience Store
Fosses,49.098984200409696,2.5224590297642298,FRAIKIN,49.098976,2.52871,Rental Service
Saint-Witz,49.08189765,2.55372878798639,Ibis hotel T3,49.07841873168945,2.551196575164795,Hotel
Saint-Witz,49.08189765,2.55372878798639,Peage de Saint Witz,49.08538662071106,2.550975876650519,Toll Plaza
Saint-Witz,49.08189765,2.55372878798639,pizza pasta,49.07786563728083,2.550806904004637,Italian Restaurant
Vémars,49.0672657,2.5659272,Sitis market,49.068954,2.5686598,Grocery Store
Vémars,49.0672657,2.5659272,Drone Up,49.0706651,2.564173799999935,Photography Studio
Pierrelaye,49.0199726,2.15472815149676,Gare SNCF de Pierrelaye,49.01952138283383,2.153915312476814,Train Station
Pierrelaye,49.0199726,2.15472815149676,Ali Baba,49.019608,2.152526,Middle Eastern Restaurant
Pierrelaye,49.0199726,2.15472815149676,DEUX MAINS O'JARDIN,49.02177293051566,2.155219316482544,Construction & Landscaping
Pierrelaye,49.0199726,2.15472815149676,Franprix,49.02298674,2.15314618,Supermarket
Pierrelaye,49.0199726,2.15472815149676,Nagoya,49.01591581694316,2.1558287870057455,Japanese Restaurant
Vauréal,49.033466263033894,2.02098751909993,L'instant Partagé,49.03041563259451,2.021443325448829,French Restaurant
Vauréal,49.033466263033894,2.02098751909993,Intermarché Super et Drive,49.033313,2.020939,Supermarket
Vauréal,49.033466263033894,2.02098751909993,"Arrêt Cergy–Le Haut [34N,34S,36,39,40,N152]",49.03441551094914,2.021419741698059,Bus Stop
Vauréal,49.033466263033894,2.02098751909993,"Arrêt La Bussie [34S,39,47]",49.03442811752714,2.021438929737156,Bus Stop
Vauréal,49.033466263033894,2.02098751909993,Piscine de l'Hautil,49.03442209047441,2.021446483360803,Gym Pool
Vauréal,49.033466263033894,2.02098751909993,Les Halles de Vauréal,49.03245193506593,2.0193707942962646,Grocery Store
Vauréal,49.033466263033894,2.02098751909993,Picard Surgelés,49.03438828416449,2.021445078762779,Food & Drink Shop
Vauréal,49.033466263033894,2.02098751909993,CarGo Location de véhicules Vaureal,49.034192,2.017693,Rental Car Location
Vauréal,49.033466263033894,2.02098751909993,Le Forum,49.03121737640696,2.0218610353048683,Rock Club
Vauréal,49.033466263033894,2.02098751909993,"Arrêt La Croix Lieu [34S,38,39,47]",49.03078800128345,2.0217475352831413,Bus Stop
Vauréal,49.033466263033894,2.02098751909993,La Grange à Pain,49.03072150100558,2.019639015197754,Bakery
Vauréal,49.033466263033894,2.02098751909993,Place de Coeur Battant,49.030454192816485,2.020411491394043,Plaza
Vauréal,49.033466263033894,2.02098751909993,Sushi Yakitori,49.03042940414199,2.0209547700010537,Japanese Restaurant
Bonneuil-en-France,48.974284999999995,2.4315754000000003,Zitounterk Casse,48.97308082,2.43323657,Auto Garage
Bonneuil-en-France,48.974284999999995,2.4315754000000003,Memphis Coffee St-Brice sous Fôret,48.97561003713086,2.436861991882324,American Restaurant
Gonesse,48.9856537,2.46496544502363,Pizza Time's,48.98439389578826,2.46141955907453,Pizza Place
Le Thillay,49.0018772,2.4721847,Les Gourmets,49.002035,2.467504,French Restaurant
Le Thillay,49.0018772,2.4721847,Agence Pasquet Menuiseries,48.99811098,2.4750699,Construction & Landscaping
Vaudherland,49.000859399999996,2.4874002999999996,La Reserve,49.000357,2.486477,French Restaurant
Vaudherland,49.000859399999996,2.4874002999999996,Hotel Restaurant,49.0047579720279,2.489466632128199,Diner
Osny,49.0607032798042,2.07046667369927,Café des sports,49.061211122460534,2.0671627100883994,Smoke Shop
Osny,49.0607032798042,2.07046667369927,Square Des Artistes,49.061712330923136,2.0670377925912145,Park
Osny,49.0607032798042,2.07046667369927,Cuisiniste Osny,49.06339045,2.06605355,Furniture / Home Store
La Frette-sur-Seine,48.976793024370096,2.18010872928182,Gare SNCF de La Frette - Montigny,48.97986438630888,2.180677248384702,Train Station
La Frette-sur-Seine,48.976793024370096,2.18010872928182,Guinguette En Frette,48.976768821188834,2.176471429571068,Music Venue
La Frette-sur-Seine,48.976793024370096,2.18010872928182,Marché de La Frette-Montigny,48.979823,2.181034,Farmers Market
La Frette-sur-Seine,48.976793024370096,2.18010872928182,Le Val Vert,48.979109,2.174649,Restaurant
Méry-sur-Oise,49.0618999504161,2.1558324749789,FOLIAVERT,49.06231353898429,2.150234431028366,Construction & Landscaping
Méry-sur-Oise,49.0618999504161,2.1558324749789,Arrêt de bus - Vaux,49.058320157888275,2.158479703842457,Bus Stop
Bessancourt,49.03279647321529,2.21948272179198,La Palmeraie,49.034377,2.21433345,Restaurant
Baillet-en-France,49.06503038523171,2.3046377144085497,l'escale baillet en france,49.064341,2.299301,Massage Studio
Chauvry,49.0544765,2.2669571,LE MOULIN GOURMAND,49.054065407189164,2.2674909611572502,Convenience Store
Maffliers,49.0784276,2.3124785,Leader Price,49.080483,2.314192,Supermarket
Maffliers,49.0784276,2.3124785,Emérina Spa,49.07638409,2.30825606,Spa
Maffliers,49.0784276,2.3124785,Equipement Garage Service,49.07942673637837,2.3189520835876465,Auto Garage
Montsoult,49.06832275,2.30246239885626,KHAN Betty,49.0676435,2.2989284000000225,Business Service
Montsoult,49.06832275,2.30246239885626,l'escale baillet en france,49.064341,2.299301,Massage Studio
Bouffémont,49.043441426132496,2.3138745068077298,Gare SNCF de Bouffémont - Moisselles,49.04587202261544,2.3136125669512837,Train Station
Bouffémont,49.043441426132496,2.3138745068077298,Boulangerie,49.04584905341536,2.3136442720433372,Bakery
Bouffémont,49.043441426132496,2.3138745068077298,Place Du Marché,49.045180977015136,2.319574458632278,Thrift / Vintage Store
Moisselles,49.0477857,2.3367986000000003,Grand Frais,49.046201,2.335673,Grocery Store
Moisselles,49.0477857,2.3367986000000003,Le Maroc,49.048444,2.336358,Middle Eastern Restaurant
Moisselles,49.0477857,2.3367986000000003,Floradog,49.046288118558266,2.33524640100699,Pet Store
Moisselles,49.0477857,2.3367986000000003,Allo Conoir Gérald,49.04588619,2.33807188,Other Repair Shop
Moisselles,49.0477857,2.3367986000000003,MSF DECO,49.04992298984627,2.3364108335226774,Construction & Landscaping
Moisselles,49.0477857,2.3367986000000003,PISCIREVE,49.04501336302256,2.3365741968154907,Construction & Landscaping
Andilly,49.00983225,2.30381138275911,Pelouse Des Chataigners,49.007939,2.300779,Garden
Margency,49.001999999999995,2.2884700000000002,Parc De Margency,49.00218095243991,2.285585699188888,Park
Margency,49.001999999999995,2.2884700000000002,Parc De La Tuilerie,49.00057911872864,2.29118659,Park
Margency,49.001999999999995,2.2884700000000002,ARTPHOLUX,48.99832300000001,2.2892875000000004,Photography Studio
Presles,49.10609395,2.28532722771739,POINTS OF VIEW,49.1078256,2.2823432999999795,Photography Studio
Eaubonne,48.9811359,2.2711262999999997,Intermarché Express,48.98277,2.271623,Supermarket
Eaubonne,48.9811359,2.2711262999999997,Torrefaction D'Ermont,48.98065718053016,2.2708299444183075,Café
Eaubonne,48.9811359,2.2711262999999997,Au Coin,48.981716,2.2713315,Bistro
Éragny,49.01995437251221,2.10486296038294,La Challe,49.01924853466132,2.100385454626323,Plaza
Éragny,49.01995437251221,2.10486296038294,Crossover studios,49.022492129319325,2.10175891819922,Concert Hall
Éragny,49.01995437251221,2.10486296038294,Centre Commercial La Challe,49.018384398026335,2.0988018753717674,Shopping Mall
Éragny,49.01995437251221,2.10486296038294,Covent Garden Studios,49.0239528392477,2.102249852610128,Recording Studio
Parmain,49.11592070457829,2.20779669452147,L'Eleven,49.11327235129143,2.2128890173598914,Gastropub
Parmain,49.11592070457829,2.20779669452147,Gare SNCF de L'Isle-Adam — Parmain,49.11418315338071,2.2096908615880784,Train Station
Parmain,49.11592070457829,2.20779669452147,Tosland / TosStudio,49.111729860305786,2.2055858373641968,Music Venue
Mériel,49.0773842440308,2.20683800089684,Gare SNCF de Mériel,49.07773547319393,2.205210510593538,Train Station
Mériel,49.0773842440308,2.20683800089684,Aux 3 Petits Choux,49.07629104544663,2.2029404404754587,Bakery
Mériel,49.0773842440308,2.20683800089684,Le Week-End,49.07600246007082,2.2027909755706787,Smoke Shop
Mériel,49.0773842440308,2.20683800089684,Pharmacie Villemont,49.075825,2.202511,Pharmacy
Marines,49.148705566877204,1.9792142752624597,db modele reduit modelisme,49.14579740000001,1.9771395999999868,Toy / Game Store
Marines,49.148705566877204,1.9792142752624597,gymnase de l!amutié,49.14732,1.98467,Sports Club
Marines,49.148705566877204,1.9792142752624597,Carrefour Market,49.14718,1.97376,Supermarket
Santeuil,49.1255631,1.9500827,Gare SNCF de Santeuil - Le Perchay,49.124087958723116,1.9493146394169152,Train Station
Courcelles-sur-Viosne,49.07763,2.00372,Gare SNCF de Montgeroult - Courcelles,49.08104251461943,2.002579355540921,Train Station
Courcelles-sur-Viosne,49.07763,2.00372,Yung Kwai Pun,49.081546,2.00216,Medical Center
Génicourt,49.0874343,2.0658319,LE CAPRICCIO,49.08905350327344,2.0681990683078766,Italian Restaurant
Montgeroult,49.081027299999995,2.0067345000000003,Gare SNCF de Montgeroult - Courcelles,49.08104251461943,2.002579355540921,Train Station
Montgeroult,49.081027299999995,2.0067345000000003,Yung Kwai Pun,49.081546,2.00216,Medical Center
Montgeroult,49.081027299999995,2.0067345000000003,Orangerie Du Chateau De Montgeroult,49.083974126860504,2.0038303108274365,Restaurant
Champagne-sur-Oise,49.1372921503789,2.2359288986493597,Gare SNCF de Champagne-sur-Oise,49.135773840785326,2.241172042114832,Train Station
Montlignon,49.0119097177098,2.28484363964238,Boulangerie Fichera,49.011739730835,2.28561973571777,Bakery
Roissy-en-France,48.997245629286795,2.5136803727287202,Pentahotel,48.99867418748136,2.516117244958877,Hotel
Roissy-en-France,48.997245629286795,2.5136803727287202,Novotel Restaurant,48.998872659977145,2.5173211906268156,French Restaurant
Roissy-en-France,48.997245629286795,2.5136803727287202,Crowne Plaza Paris - Charles de Gaulle,49.00018177701699,2.5185875519309775,Hotel
Roissy-en-France,48.997245629286795,2.5136803727287202,Hôtel Golden Tulip Paris Aéroport CDG Villepinte,48.99788507502238,2.5169999565204697,Hotel
Roissy-en-France,48.997245629286795,2.5136803727287202,B&B Hôtel,48.99799657452163,2.514535380340464,Hotel
Roissy-en-France,48.997245629286795,2.5136803727287202,Hôtel Novotel Convention & Wellness Roissy CDG,48.99898982444865,2.5175768674413233,Hotel
Roissy-en-France,48.997245629286795,2.5136803727287202,B&B Hotels | Roissy Charles De Gaulle,48.99775725883362,2.5143953596889608,Bed & Breakfast
Roissy-en-France,48.997245629286795,2.5136803727287202,Campanile Roissy,48.99770970193849,2.5164332341951,Hotel
Roissy-en-France,48.997245629286795,2.5136803727287202,Le Lounge bar,48.99891283888665,2.5173507578137135,Lounge
Roissy-en-France,48.997245629286795,2.5136803727287202,Restaurant Campanile Roissy,48.99765798407128,2.5163940201424526,Restaurant
Roissy-en-France,48.997245629286795,2.5136803727287202,brasserie du terroir,48.99912973387927,2.5156898406199106,French Restaurant
Roissy-en-France,48.997245629286795,2.5136803727287202,Hôtel Première Classe Roissy,48.998133672910576,2.515722378102526,Hotel
Roissy-en-France,48.997245629286795,2.5136803727287202,Novotel Café,48.99896891608065,2.517432022003227,Café
Roissy-en-France,48.997245629286795,2.5136803727287202,Creperie Caroline,48.99907873018042,2.5178327721083718,Creperie
Roissy-en-France,48.997245629286795,2.5136803727287202,Academia Do Brunão - Filial Roissy En France,48.9990849954351,2.5178348012665914,Martial Arts Dojo
Roissy-en-France,48.997245629286795,2.5136803727287202,Novotel Gym,48.99915668154934,2.5177873448188146,Gym / Fitness Center
Roissy-en-France,48.997245629286795,2.5136803727287202,Crew Lounge - Novotel,48.999140048304334,2.517976899393847,Lounge
Roissy-en-France,48.997245629286795,2.5136803727287202,Pimkie,48.99921035009296,2.5182870668486053,Women's Store
Roissy-en-France,48.997245629286795,2.5136803727287202,Sauna - Hôtel Novotel Convention & Wellness Roissy CDG,48.99915767569168,2.518379302466486,Sauna / Steam Room
Roissy-en-France,48.997245629286795,2.5136803727287202,Parc Fleuri,48.99959309478511,2.518601422826479,French Restaurant
Roissy-en-France,48.997245629286795,2.5136803727287202,Flo Brasserie,49.000004572130855,2.5185819800218945,French Restaurant
Roissy-en-France,48.997245629286795,2.5136803727287202,Søstrene Grene,48.99553524345827,2.5198163596177294,Arts & Crafts Store
Le Mesnil-Aubry,49.0501391,2.39514695040079,Café de la Mairie,49.05103857168508,2.399145758009119,Café
Frépillon,49.051407997362205,2.202626764946,Carglass,49.048232,2.201655,Other Repair Shop
Valmondois,49.097076949624395,2.18647166820093,Ratapoil,49.09581697168559,2.1911170268563978,French Restaurant
Valmondois,49.097076949624395,2.18647166820093,TAXI FLORENCE,49.100903,2.182911,Rental Car Location
Montreuil-sur-Epte,49.1768421,1.6765982,La Zolioberge,49.17664469977037,1.6776601434943443,French Restaurant
La Roche-Guyon,49.08169453597879,1.63684549504428,La Cancalaise,49.08139308868616,1.6306276162245086,Creperie
La Roche-Guyon,49.08169453597879,1.63684549504428,Aux Bords de Seine,49.08004110739665,1.6313813603913623,French Restaurant
La Roche-Guyon,49.08169453597879,1.63684549504428,Casa Victoria,49.08154,1.630697,Pizza Place
La Roche-Guyon,49.08169453597879,1.63684549504428,Le Relais du Chateau,49.081571,1.630379,Café
Courdimanche,49.04240265,2.01206564428624,subway cergy le haut,49.04619566558289,2.0136767961634927,Sandwich Place
Courdimanche,49.04240265,2.01206564428624,Golf Cergy,49.03802810794801,2.0123334603975995,Golf Course
Arronville,49.180049,2.1118398999999997,Le Relais D'Arronville,49.181042,2.113626,Restaurant
Grisy-les-Plâtres,49.130876,2.0499726000000003,Auberge De Saint Graal,49.13253155740915,2.049083933109612,French Restaurant
Grisy-les-Plâtres,49.130876,2.0499726000000003,pat' a pizza,49.132779,2.048761,Pizza Place
Grisy-les-Plâtres,49.130876,2.0499726000000003,Le Sete,49.12701577874326,2.048877895470343,Nightclub
Grisy-les-Plâtres,49.130876,2.0499726000000003,Grisy Automobiles,49.13470326,2.04809976,Auto Workshop
Bruyères-sur-Oise,49.15844083548921,2.3279835353951803,Gare SNCF de Bruyères-sur-Oise,49.15520806264258,2.3258131742477417,Train Station
Bezons,48.924346,2.2193973999999996,La grâce de Dieu,48.926990396144646,2.2151437563887573,Bakery
Bezons,48.924346,2.2193973999999996,Restaurant d'entreprise,48.92482892497845,2.2210885240323766,Cafeteria
Bezons,48.924346,2.2193973999999996,River Ouest,48.92419776695368,2.2224503910072424,Building
Bezons,48.924346,2.2193973999999996,Cafétéria De River Ouest,48.92477591100898,2.2163207492917465,Cafeteria
Bezons,48.924346,2.2193973999999996,Carrefour Contact Bezons,48.92644,2.21382,Supermarket
Enghien-les-Bains,48.971196251051104,2.30784487324348,UGC Enghien,48.97079828489197,2.3070203911722977,Multiplex
Enghien-les-Bains,48.971196251051104,2.30784487324348,Centre des Arts,48.97229097775645,2.305605988396601,Performing Arts Venue
Enghien-les-Bains,48.971196251051104,2.30784487324348,Au Bureau,48.97231642899598,2.3076237487060385,Gastropub
Enghien-les-Bains,48.971196251051104,2.30784487324348,Da Giovanni,48.967249469333,2.305883334220172,Italian Restaurant
Enghien-les-Bains,48.971196251051104,2.30784487324348,le 85,48.96816284757465,2.305439008676529,French Restaurant
Enghien-les-Bains,48.971196251051104,2.30784487324348,"Spark - Soins, Sports et Spa",48.967719640766866,2.3044353106481914,Gym / Fitness Center
Enghien-les-Bains,48.971196251051104,2.30784487324348,Monoprix,48.97024320680323,2.3062531650066376,Supermarket
Enghien-les-Bains,48.971196251051104,2.30784487324348,Casino Barrière d'Enghien-les-Bains,48.96972142790417,2.3030016009913696,Casino
Enghien-les-Bains,48.971196251051104,2.30784487324348,Restaurant Fouquet's,48.968525,2.303988,Restaurant
Enghien-les-Bains,48.971196251051104,2.30784487324348,Le Village d'Enghien,48.97055893160403,2.3083251237189266,Plaza
Enghien-les-Bains,48.971196251051104,2.30784487324348,McDonald's,48.97063924479588,2.3069270858142312,Fast Food Restaurant
Enghien-les-Bains,48.971196251051104,2.30784487324348,Gare SNCF d'Enghien-les-Bains,48.97233969020693,2.3076351162445947,Train Station
Enghien-les-Bains,48.971196251051104,2.30784487324348,Alain Bernard,48.970491853183,2.3069196723170333,Ice Cream Shop
Enghien-les-Bains,48.971196251051104,2.30784487324348,Intermarché Express,48.969503,2.311347,Supermarket
Enghien-les-Bains,48.971196251051104,2.30784487324348,Café Du Lac,48.96752158742324,2.303919815369842,French Restaurant
Enghien-les-Bains,48.971196251051104,2.30784487324348,Planet Sushi,48.97083218186121,2.3072023636351253,Sushi Restaurant
Enghien-les-Bains,48.971196251051104,2.30784487324348,Aux saveurs d'alice,48.968657,2.309373,French Restaurant
Enghien-les-Bains,48.971196251051104,2.30784487324348,Le Patio,48.972120119675054,2.3094631659332094,Restaurant
Enghien-les-Bains,48.971196251051104,2.30784487324348,Pharmacie Principale,48.97117542329901,2.3084074190312545,Pharmacy
Enghien-les-Bains,48.971196251051104,2.30784487324348,Bella Napoli,48.97068873553145,2.308053355807532,Italian Restaurant
Enghien-les-Bains,48.971196251051104,2.30784487324348,Marché d'Enghien,48.96922515079202,2.3106236144750087,Market
Enghien-les-Bains,48.971196251051104,2.30784487324348,Energie Forme,48.96723672874956,2.305998166819442,Gym
Enghien-les-Bains,48.971196251051104,2.30784487324348,Lac d'Enghien-les-Bains,48.96783354083002,2.303793325362318,Lake
